{
  "required": true,
  "minVersion": "0.8",
  "package": "com.heypixel.heypixelmod.mixin.O",
  "compatibilityLevel": "JAVA_17",
  "refmap": "Naven-XD.refmap.json",
  "mixins": [],
  "client": [
    "CapabilityTrackerMixin",
    "MixinAbstractClientPlayer",
    "MixinCamera",
    "MixinClientHandshakePacketListenerImpl",
    "MixinClientLevel",
    "MixinClientPacketListener",
    "MixinConnection",
    "MixinConnectionInner",
    "MixinEntity",
    "MixinEntityRenderer",
    "MixinFogRenderer",
    "MixinFriendlyByteBuf",
    "MixinGameRenderer",
    "MixinGui",
    "MixinItem",
    "MixinItemInHandLayer",
    "MixinItemInHandRenderer",
    "MixinKeyboardHandler",
    "MixinKeyboardInput",
    "MixinLivingEntity",
    "MixinLivingEntityRenderer",
    "MixinLocalPlayer",
    "MixinMinecraft",
    "MixinMouseHandler",
    "MixinMultiPlayerGameMode",
    "MixinPacketThreadUtils",
    "MixinPlayer",
    "MixinPlayerTabOverlay",
    "MixinProjectileUtil",
    "MixinTimer",
    "MixinTitleScreen",
    "MixinVertexBuffer",
    "accessors.AbstractArrowAccessor",
    "accessors.BufferUploaderAccessor",
    "accessors.ClientboundMoveEntityPacketAccessor",
    "accessors.ClientboundRotateHeadPacketAccessor",
    "accessors.ClientLevelAccessor",
    "accessors.CrossbowItemAccessor",
    "accessors.GameRendererAccessor",
    "accessors.LivingEntityAccessor",
    "accessors.LocalPlayerAccessor",
    "accessors.MinecraftAccessor",
    "accessors.MultiPlayerGameModeAccessor",
    "accessors.NativeImageAccessor",
    "accessors.PostChainAccessor",
    "accessors.RenderTargetAccessor",
    "accessors.ServerboundMovePlayerPacketAccessor",
    "accessors.ShapeIndexBufferAccessor"
  ],
  "injectors": {
    "defaultRequire": 1
  }
}